enemyId,name,battlerName,tier,oldPower,newPower,rank,familyOrder
11,"小精靈","InfinityTower/infty-enermy-7",0,2200,12000,0,0
12,"小精靈異化","InfinityTower/infty-enermy-7",1,2203,12057,1,0
13,"小精靈異化·極","InfinityTower/infty-enermy-7",2,2206,12115,2,0
14,"風精靈","InfinityTower/infty-enermy-1",0,2225,12172,3,1
15,"風精靈異化","InfinityTower/infty-enermy-1",1,2228,12229,4,1
16,"風精靈異化·極","InfinityTower/infty-enermy-1",2,2231,12287,5,1
17,"土精靈","InfinityTower/infty-enermy-2",0,2234,12344,6,2
18,"土精靈異化","InfinityTower/infty-enermy-2",1,2237,12401,7,2
19,"土精靈異化·極","InfinityTower/infty-enermy-2",2,2240,12459,8,2
20,"火精靈","InfinityTower/infty-enermy-9",0,2259,12516,9,3
21,"火精靈異化","InfinityTower/infty-enermy-9",1,2262,12573,10,3
22,"火精靈異化·極","InfinityTower/infty-enermy-9",2,2265,12631,11,3
23,"虛無精靈","InfinityTower/infty-enermy-23",0,2268,12688,12,4
24,"虛無精靈異化","InfinityTower/infty-enermy-23",1,2271,12745,13,4
25,"虛無精靈異化·極","InfinityTower/infty-enermy-23",2,2274,12802,14,4
26,"","",0,2293,12860,15,5
27,"百目史萊姆","InfinityTower/infty-enermy-5",0,2296,12917,16,6
28,"百目史萊姆異化","InfinityTower/infty-enermy-5",1,2298,12974,17,6
29,"百目史萊姆異化·極","InfinityTower/infty-enermy-5",2,2302,13032,18,6
30,"史萊水姆","InfinityTower/infty-enermy-29",0,2305,13089,19,7
31,"史萊水姆異化","InfinityTower/infty-enermy-29",1,2308,13146,20,7
32,"史萊水姆異化·極","InfinityTower/infty-enermy-29",2,2326,13204,21,7
33,"多蜜花","InfinityTower/infty-enermy-14",0,2330,13261,22,8
34,"多蜜花異化","InfinityTower/infty-enermy-14",1,2333,13318,23,8
35,"多蜜花異化·極","InfinityTower/infty-enermy-14",2,2336,13376,24,8
36,"十足水母","InfinityTower/infty-enermy-20",0,2338,13433,25,9
37,"十足水母異化","InfinityTower/infty-enermy-20",1,2341,13490,26,9
38,"十足水母異化·極","InfinityTower/infty-enermy-20",2,2361,13548,27,9
39,"","",0,2363,13605,28,10
40,"冰原夜蝠","InfinityTower/infty-enermy-6",0,2366,13662,29,11
41,"冰原夜蝠異化","InfinityTower/infty-enermy-6",1,2369,13720,30,11
42,"冰原夜蝠異化·極","InfinityTower/infty-enermy-6",2,2373,13777,31,11
43,"冰原霜狼","InfinityTower/infty-enermy-4",0,2375,13834,32,12
44,"冰原霜狼異化","InfinityTower/infty-enermy-4",1,2394,13892,33,12
45,"冰原霜狼異化·極","InfinityTower/infty-enermy-4",2,2397,13949,34,12
46,"劇毒弧蜂","InfinityTower/infty-enermy-11",0,2401,14006,35,13
47,"劇毒弧蜂異化","InfinityTower/infty-enermy-11",1,2403,14063,36,13
48,"劇毒弧蜂異化·極","InfinityTower/infty-enermy-11",2,2406,14121,37,13
49,"劇毒紫蠍","InfinityTower/infty-enermy-19",0,2425,14178,38,14
50,"劇毒紫蠍異化","InfinityTower/infty-enermy-19",1,2428,14235,39,14
51,"劇毒紫蠍異化·極","InfinityTower/infty-enermy-19",2,2431,14293,40,14
52,"紅眼藍鯊","InfinityTower/infty-enermy-15",0,2434,14350,41,15
53,"紅眼藍鯊異化","InfinityTower/infty-enermy-15",1,2437,14407,42,15
54,"紅眼藍鯊異化·極","InfinityTower/infty-enermy-15",2,2440,14465,43,15
55,"刺毛巨鼠","InfinityTower/infty-enermy-16",0,2459,14522,44,16
56,"刺毛巨鼠異化","InfinityTower/infty-enermy-16",1,2462,14579,45,16
57,"刺毛巨鼠異化·極","InfinityTower/infty-enermy-16",2,2465,14637,46,16
58,"毒角蛇","InfinityTower/infty-enermy-17",0,2468,14694,47,17
59,"毒角蛇異化","InfinityTower/infty-enermy-17",1,2471,14751,48,17
60,"毒角蛇異化·極","InfinityTower/infty-enermy-17",2,2474,14809,49,17
61,"白加尾雞","InfinityTower/infty-enermy-18",0,2493,14866,50,18
62,"白加尾雞異化","InfinityTower/infty-enermy-18",1,2496,14923,51,18
63,"白加尾雞異化·極","InfinityTower/infty-enermy-18",2,2499,14981,52,18
64,"奶茶珍蛛","InfinityTower/infty-enermy-24",0,2502,15038,53,19
65,"奶茶珍蛛異化","InfinityTower/infty-enermy-24",1,2505,15095,54,19
66,"奶茶珍蛛異化·極","InfinityTower/infty-enermy-24",2,2508,15153,55,19
67,"骷髏歌姬","InfinityTower/infty-enermy-8",0,2527,15210,56,20
68,"骷髏歌姬異化","InfinityTower/infty-enermy-8",1,2530,15267,57,20
69,"骷髏歌姬異化·極","InfinityTower/infty-enermy-8",2,2533,15324,58,20
70,"無理數劍士","InfinityTower/infty-enermy-10",0,2536,15382,59,21
71,"無理數劍士異化","InfinityTower/infty-enermy-10",1,2539,15439,60,21
72,"無理數劍士異化·極","InfinityTower/infty-enermy-10",2,2558,15496,61,21
73,"幾何上忍","InfinityTower/infty-enermy-12",0,2561,15554,62,22
74,"幾何上忍異化","InfinityTower/infty-enermy-12",1,2564,15611,63,22
75,"幾何上忍異化·極","InfinityTower/infty-enermy-12",2,2567,15668,64,22
76,"幾何中忍","InfinityTower/infty-enermy-13",0,2570,15726,65,23
77,"幾何中忍異化","InfinityTower/infty-enermy-13",1,2573,15783,66,23
78,"幾何中忍異化·極","InfinityTower/infty-enermy-13",2,2592,15840,67,23
79,"巨斧重步兵","InfinityTower/infty-enermy-25",0,2595,15898,68,24
80,"巨斧重步兵異化","InfinityTower/infty-enermy-25",1,2597,15955,69,24
81,"巨斧重步兵異化·極","InfinityTower/infty-enermy-25",2,2601,16012,70,24
82,"圓周炎術士","InfinityTower/infty-enermy-30",0,2604,16070,71,25
83,"圓周炎術士異化","InfinityTower/infty-enermy-30",1,2607,16127,72,25
84,"圓周炎術士異化·極","InfinityTower/infty-enermy-30",2,2625,16184,73,25
85,"鐵索坐標俠","InfinityTower/infty-enermy-31",0,2628,16242,74,26
86,"鐵索坐標俠異化","InfinityTower/infty-enermy-31",1,2632,16299,75,26
87,"鐵索坐標俠異化·極","InfinityTower/infty-enermy-31",2,2635,16356,76,26
88,"玩具係有生命㗎","InfinityTower/infty-enermy-21",0,2637,16414,77,27
89,"玩具係有生命㗎異化","InfinityTower/infty-enermy-21",1,2640,16471,78,27
90,"玩具係有生命㗎異化·極","InfinityTower/infty-enermy-21",2,2660,16528,79,27
91,"地獄三頭犬","InfinityTower/infty-enermy-22",0,2663,16585,80,28
92,"地獄三頭犬異化","InfinityTower/infty-enermy-22",1,2665,16643,81,28
93,"地獄三頭犬異化·極","InfinityTower/infty-enermy-22",2,2668,16700,82,28
94,"貪婪寶箱怪 ","InfinityTower/infty-enermy-28",0,2672,16757,83,29
95,"貪婪寶箱怪 異化","InfinityTower/infty-enermy-28",1,2674,16815,84,29
96,"貪婪寶箱怪 異化·極","InfinityTower/infty-enermy-28",2,2693,16872,85,29
97,"亞米魔女","InfinityTower/infty-enermy-26",0,2696,16929,86,30
98,"亞米魔女異化","InfinityTower/infty-enermy-26",1,2699,16987,87,30
99,"亞米魔女異化·極","InfinityTower/infty-enermy-26",2,2702,17044,88,30
100,"巨劍戰姬","InfinityTower/infty-enermy-27",0,2705,17101,89,31
101,"巨劍戰姬異化","InfinityTower/infty-enermy-27",1,2708,17159,90,31
102,"巨劍戰姬異化·極","InfinityTower/infty-enermy-27",2,2727,17216,91,31
103,"伯努利祭司","InfinityTower/infty-enermy-35",0,2730,17273,92,32
104,"伯努利祭司異化","InfinityTower/infty-enermy-35",1,2733,17331,93,32
105,"伯努利祭司異化·極","InfinityTower/infty-enermy-35",2,2736,17388,94,32
106,"魔·泰勒斯","InfinityTower/infty-enermy-32",0,2739,17445,95,33
107,"魔·泰勒斯異化","InfinityTower/infty-enermy-32",1,2758,17503,96,33
108,"魔·泰勒斯異化·極","InfinityTower/infty-enermy-32",2,2761,17560,97,33
109,"風險女神","InfinityTower/infty-enermy-33",0,2764,17617,98,34
110,"風險女神異化","InfinityTower/infty-enermy-33",1,2767,17675,99,34
111,"風險女神異化·極","InfinityTower/infty-enermy-33",2,2770,17732,100,34
112,"銀鎧護衛","InfinityTower/infty-enermy-34",0,2773,17789,101,35
113,"銀鎧護衛異化","InfinityTower/infty-enermy-34",1,2792,17846,102,35
114,"銀鎧護衛異化·極","InfinityTower/infty-enermy-34",2,2795,17904,103,35
115,"緋紅劍客","InfinityTower/infty-enermy-36",0,2798,17961,104,36
116,"緋紅劍客異化","InfinityTower/infty-enermy-36",1,2801,18018,105,36
117,"緋紅劍客異化·極","InfinityTower/infty-enermy-36",2,2804,18076,106,36
118,"西洋劍女官","InfinityTower/infty-enermy-37",0,2807,18133,107,37
119,"西洋劍女官異化","InfinityTower/infty-enermy-37",1,2826,18190,108,37
120,"西洋劍女官異化·極","InfinityTower/infty-enermy-37",2,2829,18248,109,37
121,"星光仙子","InfinityTower/infty-enermy-38",0,2832,18305,110,38
122,"星光仙子異化","InfinityTower/infty-enermy-38",1,2835,18362,111,38
123,"星光仙子異化·極","InfinityTower/infty-enermy-38",2,2838,18420,112,38
124,"巨豚礦工","InfinityTower/infty-enermy-39",0,2841,18477,113,39
125,"巨豚礦工異化","InfinityTower/infty-enermy-39",1,2860,18534,114,39
126,"巨豚礦工異化·極","InfinityTower/infty-enermy-39",2,2863,18592,115,39
127,"浮空神兵","InfinityTower/infty-enermy-40",0,2866,18649,116,40
128,"浮空神兵異化","InfinityTower/infty-enermy-40",1,2869,18706,117,40
129,"浮空神兵異化·極","InfinityTower/infty-enermy-40",2,2872,18764,118,40
130,"流星錘傭兵","InfinityTower/infty-enermy-41",0,2875,18821,119,41
131,"流星錘傭兵異化","InfinityTower/infty-enermy-41",1,2894,18878,120,41
132,"流星錘傭兵異化·極","InfinityTower/infty-enermy-41",2,2897,18936,121,41
133,"聖殿騎士","InfinityTower/infty-enermy-42",0,2899,18993,122,42
134,"聖殿騎士異化","InfinityTower/infty-enermy-42",1,2903,19050,123,42
135,"聖殿騎士異化·極","InfinityTower/infty-enermy-42",2,2906,19107,124,42
136,"荒野遊俠","InfinityTower/infty-enermy-43",0,2908,19165,125,43
137,"荒野遊俠異化","InfinityTower/infty-enermy-43",1,2927,19222,126,43
138,"荒野遊俠異化·極","InfinityTower/infty-enermy-43",2,2931,19279,127,43
139,"蒼藍劍士","InfinityTower/infty-enermy-44",0,2934,19337,128,44
140,"蒼藍劍士異化","InfinityTower/infty-enermy-44",1,2936,19394,129,44
141,"蒼藍劍士異化·極","InfinityTower/infty-enermy-44",2,2939,19451,130,44
142,"嗜血伯爵","InfinityTower/infty-enermy-45",0,2959,19509,131,45
143,"嗜血伯爵異化","InfinityTower/infty-enermy-45",1,2962,19566,132,45
144,"嗜血伯爵異化·極","InfinityTower/infty-enermy-45",2,2964,19623,133,45
145,"紫衣刀客","InfinityTower/infty-enermy-46",0,2967,19681,134,46
146,"紫衣刀客異化","InfinityTower/infty-enermy-46",1,2970,19738,135,46
147,"紫衣刀客異化·極","InfinityTower/infty-enermy-46",2,2974,19795,136,46
148,"雙斧牛頭怪","InfinityTower/infty-enermy-47",0,2992,19853,137,47
149,"雙斧牛頭怪異化","InfinityTower/infty-enermy-47",1,2995,19910,138,47
150,"雙斧牛頭怪異化·極","InfinityTower/infty-enermy-47",2,2998,19967,139,47
151,"鞭擊魔女","InfinityTower/infty-enermy-48",0,3001,20025,140,48
152,"鞭擊魔女異化","InfinityTower/infty-enermy-48",1,3004,20082,141,48
153,"鞭擊魔女異化·極","InfinityTower/infty-enermy-48",2,3007,20139,142,48
154,"獨眼青鬼","InfinityTower/infty-enermy-49",0,3026,20197,143,49
155,"獨眼青鬼異化","InfinityTower/infty-enermy-49",1,3029,20254,144,49
156,"獨眼青鬼異化·極","InfinityTower/infty-enermy-49",2,3032,20311,145,49
160,"冥界死鐮","InfinityTower/infty-enermy-51",0,3035,20368,146,50
158,"冥界死鐮異化","InfinityTower/infty-enermy-51",1,3038,20426,147,50
161,"冥界死鐮異化","InfinityTower/infty-enermy-51",1,3041,20483,148,50
159,"冥界死鐮異化·極","InfinityTower/infty-enermy-51",2,3060,20540,149,50
162,"冥界死鐮異化·極","InfinityTower/infty-enermy-51",2,3063,20598,150,50
163,"失控石像鬼","InfinityTower/infty-enermy-52",0,3066,20655,151,51
166,"失控石像鬼","InfinityTower/infty-enermy-52",0,3069,20712,152,51
164,"失控石像鬼異化","InfinityTower/infty-enermy-52",1,3072,20770,153,51
167,"失控石像鬼異化","InfinityTower/infty-enermy-52",1,3075,20827,154,51
165,"失控石像鬼異化·極","InfinityTower/infty-enermy-52",2,3094,20884,155,51
168,"失控石像鬼異化·極","InfinityTower/infty-enermy-52",2,3097,20942,156,51
169,"紫翼惡魔帕斯卡","InfinityTower/infty-enermy-53",0,3100,20999,157,52
172,"紫翼惡魔帕斯卡","InfinityTower/infty-enermy-53",0,3103,21056,158,52
170,"紫翼惡魔帕斯卡異化","InfinityTower/infty-enermy-53",1,3106,21114,159,52
173,"紫翼惡魔帕斯卡異化","InfinityTower/infty-enermy-53",1,3125,21171,160,52
171,"紫翼惡魔帕斯卡異化·極","InfinityTower/infty-enermy-53",2,3128,21228,161,52
174,"紫翼惡魔帕斯卡異化·極","InfinityTower/infty-enermy-53",2,3131,21286,162,52
178,"翡翠魔龍歐幾里德","InfinityTower/infty-enermy-54",0,3134,21343,163,53
176,"翡翠魔龍歐幾里德異化","InfinityTower/infty-enermy-54",1,3137,21400,164,53
179,"翡翠魔龍歐幾里德異化","InfinityTower/infty-enermy-54",1,3140,21458,165,53
177,"翡翠魔龍歐幾里德異化·極","InfinityTower/infty-enermy-54",2,3159,21515,166,53
180,"翡翠魔龍歐幾里德異化·極","InfinityTower/infty-enermy-54",2,3162,21572,167,53
184,"千目母體笛卡兒","InfinityTower/infty-enermy-55",0,3165,21629,168,54
182,"千目母體笛卡兒異化","InfinityTower/infty-enermy-55",1,3168,21687,169,54
185,"千目母體笛卡兒異化","InfinityTower/infty-enermy-55",1,3170,21744,170,54
183,"千目母體笛卡兒異化·極","InfinityTower/infty-enermy-55",2,3174,21801,171,54
186,"千目母體笛卡兒異化·極","InfinityTower/infty-enermy-55",2,3193,21859,172,54
187,"地獄三頭亞基米德","InfinityTower/infty-enermy-56",0,3196,21916,173,55
190,"地獄三頭亞基米德","InfinityTower/infty-enermy-56",0,3198,21973,174,55
188,"地獄三頭亞基米德異化","InfinityTower/infty-enermy-56",1,3202,22031,175,55
191,"地獄三頭亞基米德異化","InfinityTower/infty-enermy-56",1,3205,22088,176,55
189,"地獄三頭亞基米德異化·極","InfinityTower/infty-enermy-56",2,3208,22145,177,55
192,"地獄三頭亞基米德異化·極","InfinityTower/infty-enermy-56",2,3226,22203,178,55
193,"千手面神畢達哥拉斯","InfinityTower/infty-enermy-57",0,3230,22260,179,56
196,"千手面神畢達哥拉斯","InfinityTower/infty-enermy-57",0,3233,22317,180,56
194,"千手面神畢達哥拉斯異化","InfinityTower/infty-enermy-57",1,3235,22375,181,56
197,"千手面神畢達哥拉斯異化","InfinityTower/infty-enermy-57",1,3238,22432,182,56
195,"千手面神畢達哥拉斯異化·極","InfinityTower/infty-enermy-57",2,3241,22489,183,56
198,"千手面神畢達哥拉斯異化·極","InfinityTower/infty-enermy-57",2,3261,22547,184,56
199,"滅世魔尊費馬","InfinityTower/infty-enermy-58",0,3263,22604,185,57
202,"滅世魔尊費馬","InfinityTower/infty-enermy-58",0,3266,22661,186,57
200,"滅世魔尊費馬異化","InfinityTower/infty-enermy-58",1,3269,22719,187,57
203,"滅世魔尊費馬異化","InfinityTower/infty-enermy-58",1,3273,22776,188,57
204,"滅世魔尊費馬異化·極","InfinityTower/infty-enermy-58",2,3275,22833,189,57
205,"仙人掌巨獸","InfinityTower/infty-enermy-59",0,3294,22890,190,58
208,"仙人掌巨獸","InfinityTower/infty-enermy-59",0,3297,22948,191,58
206,"仙人掌巨獸異化","InfinityTower/infty-enermy-59",1,3301,23005,192,58
209,"仙人掌巨獸異化","InfinityTower/infty-enermy-59",1,3303,23062,193,58
207,"仙人掌巨獸異化·極","InfinityTower/infty-enermy-59",2,3306,23120,194,58
210,"仙人掌巨獸異化·極","InfinityTower/infty-enermy-59",2,3325,23177,195,58
211,"審判神官牛頓","InfinityTower/infty-enermy-60",0,3328,23234,196,59
214,"審判神官牛頓","InfinityTower/infty-enermy-60",0,3331,23292,197,59
212,"審判神官牛頓異化","InfinityTower/infty-enermy-60",1,3334,23349,198,59
215,"審判神官牛頓異化","InfinityTower/infty-enermy-60",1,3337,23406,199,59
216,"審判神官牛頓異化·極","InfinityTower/infty-enermy-60",2,3340,23464,200,59
218,"冥魂法師左手異化","InfinityTower/infty-enermy-61左手",1,3359,23521,201,60
221,"冥魂法師左手·極異化","InfinityTower/infty-enermy-61左手",1,3362,23578,202,60
219,"冥魂法師左手異化·極","InfinityTower/infty-enermy-61左手",2,3365,23636,203,60
220,"冥魂法師左手·極","InfinityTower/infty-enermy-61左手",2,3368,23693,204,60
222,"冥魂法師左手·極異化·極","InfinityTower/infty-enermy-61左手",2,3371,23750,205,60
224,"冥魂法師右手異化","InfinityTower/infty-enermy-61右手",1,3374,23808,206,61
227,"冥魂法師右手·極異化","InfinityTower/infty-enermy-61右手",1,3393,23865,207,61
242,"冥魂法師左足異化","InfinityTower/infty-enermy-61右手",1,3396,23922,208,61
225,"冥魂法師右手異化·極","InfinityTower/infty-enermy-61右手",2,3399,23980,209,61
226,"冥魂法師右手·極","InfinityTower/infty-enermy-61右手",2,3402,24037,210,61
228,"冥魂法師右手·極異化·極","InfinityTower/infty-enermy-61右手",2,3405,24094,211,61
230,"冥魂法師頭部異化","InfinityTower/infty-enermy-61頭部",1,3408,24151,212,62
233,"冥魂法師頭部·極異化","InfinityTower/infty-enermy-61頭部",1,3427,24209,213,62
231,"冥魂法師頭部異化·極","InfinityTower/infty-enermy-61頭部",2,3430,24266,214,62
232,"冥魂法師頭部·極","InfinityTower/infty-enermy-61頭部",2,3433,24323,215,62
234,"冥魂法師頭部·極異化·極","InfinityTower/infty-enermy-61頭部",2,3436,24381,216,62
236,"冥魂法師右足異化","InfinityTower/infty-enermy-61右足",1,3439,24438,217,63
239,"冥魂法師右足·極異化","InfinityTower/infty-enermy-61右足",1,3458,24495,218,63
237,"冥魂法師右足異化·極","InfinityTower/infty-enermy-61右足",2,3461,24553,219,63
238,"冥魂法師右足·極","InfinityTower/infty-enermy-61右足",2,3464,24610,220,63
240,"冥魂法師右足·極異化·極","InfinityTower/infty-enermy-61右足",2,3467,24667,221,63
245,"冥魂法師左足·極異化","InfinityTower/infty-enermy-61左足",1,3469,24725,222,64
243,"冥魂法師左足異化·極","InfinityTower/infty-enermy-61左足",2,3473,24782,223,64
244,"冥魂法師左足·極","InfinityTower/infty-enermy-61左足",2,3492,24839,224,64
246,"冥魂法師左足·極異化·極","InfinityTower/infty-enermy-61左足",2,3495,24897,225,64
247,"62","Actor3_3",0,3497,24954,226,65
250,"62","Actor3_3",0,3501,25011,227,65
248,"62異化","Actor3_3",1,3504,25069,228,65
251,"62異化","Actor3_3",1,3507,25126,229,65
249,"62異化·極","Actor3_3",2,3525,25183,230,65
252,"62異化·極","Actor3_3",2,3528,25241,231,65
253,"63","InfinityTower/infty-enermy-63",0,3532,25298,232,66
256,"63","InfinityTower/infty-enermy-63",0,3535,25355,233,66
254,"63異化","InfinityTower/infty-enermy-63",1,3537,25412,234,66
257,"63異化","InfinityTower/infty-enermy-63",1,3540,25470,235,66
255,"63異化·極","InfinityTower/infty-enermy-63",2,3560,25527,236,66
258,"63異化·極","InfinityTower/infty-enermy-63",2,3562,25584,237,66
259,"64","InfinityTower/infty-enermy-64",0,3565,25642,238,67
262,"64","InfinityTower/infty-enermy-64",0,3568,25699,239,67
260,"64異化","InfinityTower/infty-enermy-64",1,3572,25756,240,67
263,"64異化","InfinityTower/infty-enermy-64",1,3574,25814,241,67
261,"64異化·極","InfinityTower/infty-enermy-64",2,3593,25871,242,67
264,"64異化·極","InfinityTower/infty-enermy-64",2,3596,25928,243,67
265,"65","InfinityTower/infty-enermy-65",0,3599,25986,244,68
268,"65","InfinityTower/infty-enermy-65",0,3602,26043,245,68
266,"65異化","InfinityTower/infty-enermy-65",1,3605,26100,246,68
269,"65異化","InfinityTower/infty-enermy-65",1,3608,26158,247,68
267,"65異化·極","InfinityTower/infty-enermy-65",2,3627,26215,248,68
270,"65異化·極","InfinityTower/infty-enermy-65",2,3630,26272,249,68
271,"Infinity Beast 3","InfinityTower/infty-enermy-3",0,3633,26330,250,69
272,"Infinity Beast 3異化","InfinityTower/infty-enermy-3",1,3636,26387,251,69
273,"Infinity Beast 3異化·極","InfinityTower/infty-enermy-3",2,3639,26444,252,69
274,"Infinity Beast 50","InfinityTower/infty-enermy-50",0,3658,26502,253,70
275,"Infinity Beast 50異化","InfinityTower/infty-enermy-50",1,3661,26559,254,70
276,"Infinity Beast 50異化·極","InfinityTower/infty-enermy-50",2,3664,26616,255,70
277,"","",0,3667,26673,256,71
278,"","",0,3670,26731,257,72
279,"","",0,3673,26788,258,73
281,"","",0,3692,26845,259,74
282,"","",0,3695,26903,260,75
283,"","",0,3698,26960,261,76
284,"","",0,3701,27017,262,77
285,"","",0,3704,27075,263,78
286,"","",0,3707,27132,264,79
287,"","",0,3726,27189,265,80
288,"","",0,3729,27247,266,81
289,"","",0,3732,27304,267,82
290,"","",0,3735,27361,268,83
291,"","",0,3738,27419,269,84
292,"","",0,3741,27476,270,85
293,"","",0,3760,27533,271,86
294,"","",0,3763,27591,272,87
295,"","",0,3766,27648,273,88
296,"","",0,3769,27705,274,89
297,"","",0,3772,27763,275,90
298,"","",0,3775,27820,276,91
299,"","",0,3794,27877,277,92
300,"","",0,3796,27934,278,93
301,"","",0,3799,27992,279,94
302,"","",0,3803,28049,280,95
303,"","",0,3806,28106,281,96
304,"","",0,3808,28164,282,97
305,"","",0,3827,28221,283,98
306,"","",0,3831,28278,284,99
307,"","",0,3834,28336,285,100
308,"","",0,3836,28393,286,101
309,"","",0,3839,28450,287,102
310,"","",0,3859,28508,288,103
311,"","",0,3861,28565,289,104
312,"","",0,3864,28622,290,105
313,"","",0,3867,28680,291,106
314,"","",0,3870,28737,292,107
315,"","",0,3873,28794,293,108
316,"","",0,3892,28852,294,109
317,"","",0,3895,28909,295,110
318,"","",0,3898,28966,296,111
319,"","",0,3901,29024,297,112
320,"","",0,3904,29081,298,113
321,"","",0,3907,29138,299,114
322,"","",0,3926,29195,300,115
323,"","",0,3929,29253,301,116
324,"","",0,3932,29310,302,117
325,"","",0,3935,29367,303,118
326,"","",0,3938,29425,304,119
327,"","",0,3941,29482,305,120
328,"","",0,3960,29539,306,121
329,"","",0,3963,29597,307,122
330,"","",0,3966,29654,308,123
331,"","",0,3969,29711,309,124
332,"","",0,3972,29769,310,125
333,"","",0,3975,29826,311,126
334,"","",0,3994,29883,312,127
335,"","",0,3997,29941,313,128
336,"","",0,4000,29998,314,129
337,"","",0,4003,30055,315,130
338,"","",0,4006,30113,316,131
339,"","",0,4025,30170,317,132
340,"","",0,4028,30227,318,133
341,"","",0,4031,30285,319,134
342,"","",0,4034,30342,320,135
343,"","",0,4037,30399,321,136
344,"","",0,4040,30456,322,137
345,"","",0,4059,30514,323,138
346,"","",0,4062,30571,324,139
347,"","",0,4065,30628,325,140
348,"","",0,4068,30686,326,141
349,"","",0,4070,30743,327,142
350,"","",0,4074,30800,328,143
351,"","",0,4093,30858,329,144
352,"","",0,4096,30915,330,145
353,"","",0,4098,30972,331,146
354,"","",0,4102,31030,332,147
355,"","",0,4105,31087,333,148
356,"","",0,4107,31144,334,149
357,"","",0,4126,31202,335,150
358,"","",0,4130,31259,336,151
359,"","",0,4133,31316,337,152
360,"","",0,4135,31374,338,153
361,"","",0,4138,31431,339,154
362,"","",0,4141,31488,340,155
363,"","",0,4161,31546,341,156
364,"","",0,4163,31603,342,157
365,"","",0,4166,31660,343,158
366,"","",0,4169,31718,344,159
367,"","",0,4172,31775,345,160
368,"","",0,4175,31832,346,161
369,"","",0,4194,31889,347,162
370,"","",0,4197,31947,348,163
371,"","",0,4200,32004,349,164
372,"","",0,4203,32061,350,165
373,"","",0,4206,32119,351,166
374,"","",0,4225,32176,352,167
375,"","",0,4228,32233,353,168
376,"","",0,4231,32291,354,169
377,"","",0,4234,32348,355,170
378,"","",0,4237,32405,356,171
379,"","",0,4240,32463,357,172
380,"","",0,4259,32520,358,173
381,"","",0,4262,32577,359,174
382,"","",0,4265,32635,360,175
383,"","",0,4268,32692,361,176
384,"","",0,4271,32749,362,177
385,"","",0,4274,32807,363,178
386,"","",0,4293,32864,364,179
387,"","",0,4296,32921,365,180
388,"","",0,4299,32979,366,181
389,"","",0,4302,33036,367,182
390,"","",0,4305,33093,368,183
391,"","",0,4308,33150,369,184
392,"","",0,4327,33208,370,185
393,"","",0,4330,33265,371,186
394,"","",0,4333,33322,372,187
395,"","",0,4336,33380,373,188
396,"","",0,4339,33437,374,189
397,"","",0,4341,33494,375,190
398,"","",0,4361,33552,376,191
399,"","",0,4364,33609,377,192
400,"","",0,4367,33666,378,193
401,"","",0,4369,33724,379,194
402,"","",0,4373,33781,380,195
403,"","",0,4392,33838,381,196
404,"","",0,4395,33896,382,197
405,"","",0,4397,33953,383,198
406,"","",0,4401,34010,384,199
407,"","",0,4404,34068,385,200
408,"","",0,4406,34125,386,201
409,"","",0,4425,34182,387,202
410,"","",0,4428,34240,388,203
411,"","",0,4432,34297,389,204
412,"","",0,4434,34354,390,205
413,"","",0,4437,34411,391,206
414,"","",0,4440,34469,392,207
415,"","",0,4460,34526,393,208
416,"","",0,4462,34583,394,209
417,"","",0,4465,34641,395,210
418,"","",0,4468,34698,396,211
419,"","",0,4472,34755,397,212
420,"","",0,4474,34813,398,213
421,"","",0,4493,34870,399,214
422,"","",0,4496,34927,400,215
423,"","",0,4499,34985,401,216
424,"","",0,4502,35042,402,217
425,"","",0,4505,35099,403,218
426,"","",0,4508,35157,404,219
427,"","",0,4527,35214,405,220
428,"","",0,4530,35271,406,221
429,"","",0,4533,35329,407,222
430,"","",0,4536,35386,408,223
431,"","",0,4539,35443,409,224
432,"","",0,4558,35501,410,225
433,"","",0,4561,35558,411,226
434,"","",0,4564,35615,412,227
435,"","",0,4567,35672,413,228
436,"","",0,4570,35730,414,229
437,"","",0,4573,35787,415,230
438,"","",0,4592,35844,416,231
439,"","",0,4595,35902,417,232
440,"","",0,4598,35959,418,233
441,"","",0,4601,36016,419,234
442,"","",0,4604,36074,420,235
443,"","",0,4607,36131,421,236
444,"","",0,4626,36188,422,237
445,"","",0,4629,36246,423,238
446,"","",0,4632,36303,424,239
447,"","",0,4635,36360,425,240
448,"","",0,4638,36418,426,241
449,"","",0,4640,36475,427,242
450,"","",0,4660,36532,428,243
451,"","",0,4663,36590,429,244
452,"","",0,4666,36647,430,245
453,"","",0,4668,36704,431,246
454,"","",0,4672,36762,432,247
455,"","",0,4675,36819,433,248
456,"","",0,4694,36876,434,249
457,"","",0,4696,36933,435,250
458,"","",0,4699,36991,436,251
459,"","",0,4703,37048,437,252
460,"","",0,4706,37105,438,253
461,"","",0,4708,37163,439,254
462,"","",0,4727,37220,440,255
463,"","",0,4731,37277,441,256
464,"","",0,4733,37335,442,257
465,"","",0,4736,37392,443,258
466,"","",0,4739,37449,444,259
467,"","",0,4759,37507,445,260
468,"","",0,4761,37564,446,261
469,"","",0,4764,37621,447,262
470,"","",0,4767,37679,448,263
471,"","",0,4770,37736,449,264
472,"","",0,4773,37793,450,265
473,"","",0,4792,37851,451,266
474,"","",0,4795,37908,452,267
475,"","",0,4798,37965,453,268
476,"","",0,4801,38023,454,269
477,"","",0,4804,38080,455,270
478,"","",0,4807,38137,456,271
479,"","",0,4826,38194,457,272
480,"","",0,4829,38252,458,273
481,"","",0,4832,38309,459,274
482,"","",0,4835,38366,460,275
483,"","",0,4838,38424,461,276
484,"","",0,4841,38481,462,277
485,"","",0,4860,38538,463,278
486,"","",0,4863,38596,464,279
487,"","",0,4866,38653,465,280
488,"","",0,4869,38710,466,281
489,"","",0,4872,38768,467,282
490,"","",0,4875,38825,468,283
491,"","",0,4894,38882,469,284
492,"","",0,4897,38940,470,285
493,"","",0,4900,38997,471,286
494,"","",0,4903,39054,472,287
495,"","",0,4906,39112,473,288
496,"","",0,4925,39169,474,289
497,"","",0,4928,39226,475,290
498,"","",0,4931,39284,476,291
499,"","",0,4934,39341,477,292
500,"","",0,4937,39398,478,293
501,"","",0,4940,39455,479,294
502,"","",0,4959,39513,480,295
503,"","",0,4962,39570,481,296
504,"","",0,4965,39627,482,297
505,"","",0,4967,39685,483,298
506,"","",0,4970,39742,484,299
507,"","",0,4974,39799,485,300
508,"","",0,4993,39857,486,301
509,"","",0,4995,39914,487,302
510,"","",0,4998,39971,488,303
511,"","",0,5002,40029,489,304
512,"","",0,5005,40086,490,305
513,"","",0,5007,40143,491,306
514,"","",0,5026,40201,492,307
515,"","",0,5030,40258,493,308
516,"","",0,5033,40315,494,309
517,"","",0,5035,40373,495,310
518,"","",0,5038,40430,496,311
519,"","",0,5041,40487,497,312
520,"","",0,5060,40545,498,313
521,"","",0,5063,40602,499,314
522,"","",0,5066,40659,500,315
523,"","",0,5069,40716,501,316
524,"","",0,5072,40774,502,317
525,"","",0,5075,40831,503,318
526,"","",0,5094,40888,504,319
527,"","",0,5097,40946,505,320
528,"","",0,5100,41003,506,321
529,"","",0,5103,41060,507,322
530,"","",0,5106,41118,508,323
531,"","",0,5125,41175,509,324
532,"","",0,5128,41232,510,325
533,"","",0,5131,41290,511,326
534,"","",0,5134,41347,512,327
535,"","",0,5137,41404,513,328
536,"","",0,5140,41462,514,329
537,"","",0,5159,41519,515,330
538,"","",0,5162,41576,516,331
539,"","",0,5165,41634,517,332
540,"","",0,5168,41691,518,333
541,"","",0,5171,41748,519,334
542,"","",0,5174,41806,520,335
543,"","",0,5193,41863,521,336
544,"","",0,5196,41920,522,337
545,"","",0,5199,41977,523,338
546,"","",0,5202,42035,524,339
547,"","",0,5205,42092,525,340
548,"","",0,5208,42149,526,341
549,"","",0,5227,42207,527,342
550,"","",0,5230,42264,528,343
551,"","",0,5233,42321,529,344
552,"","",0,5236,42379,530,345
553,"","",0,5239,42436,531,346
554,"","",0,5241,42493,532,347
555,"","",0,5261,42551,533,348
556,"","",0,5264,42608,534,349
557,"","",0,5267,42665,535,350
558,"","",0,5269,42723,536,351
559,"","",0,5273,42780,537,352
560,"","",0,5292,42837,538,353
561,"","",0,5294,42895,539,354
562,"","",0,5297,42952,540,355
563,"","",0,5301,43009,541,356
564,"","",0,5304,43067,542,357
565,"","",0,5306,43124,543,358
566,"","",0,5325,43181,544,359
567,"","",0,5328,43238,545,360
568,"","",0,5332,43296,546,361
569,"","",0,5334,43353,547,362
570,"","",0,5337,43410,548,363
571,"","",0,5340,43468,549,364
572,"","",0,5360,43525,550,365
573,"","",0,5362,43582,551,366
574,"","",0,5365,43640,552,367
575,"","",0,5368,43697,553,368
576,"","",0,5371,43754,554,369
577,"","",0,5374,43812,555,370
578,"","",0,5393,43869,556,371
579,"","",0,5396,43926,557,372
580,"","",0,5399,43984,558,373
581,"","",0,5402,44041,559,374
582,"","",0,5405,44098,560,375
583,"","",0,5408,44156,561,376
584,"","",0,5427,44213,562,377
585,"","",0,5430,44270,563,378
586,"","",0,5433,44328,564,379
587,"","",0,5436,44385,565,380
588,"","",0,5439,44442,566,381
589,"","",0,5458,44499,567,382
590,"","",0,5461,44557,568,383
591,"","",0,5464,44614,569,384
592,"","",0,5467,44671,570,385
593,"","",0,5470,44729,571,386
594,"","",0,5473,44786,572,387
595,"","",0,5492,44843,573,388
596,"","",0,5495,44901,574,389
597,"","",0,5498,44958,575,390
598,"","",0,5501,45015,576,391
599,"","",0,5504,45073,577,392
600,"","",0,5507,45130,578,393
601,"","",0,5526,45187,579,394
602,"","",0,5528,45245,580,395
603,"","",0,5532,45302,581,396
604,"","",0,5535,45359,582,397
605,"","",0,5538,45417,583,398
606,"","",0,5540,45474,584,399
607,"","",0,5560,45531,585,400
608,"","",0,5563,45589,586,401
609,"","",0,5566,45646,587,402
610,"","",0,5568,45703,588,403
611,"","",0,5572,45760,589,404
612,"","",0,5575,45818,590,405
613,"","",0,5594,45875,591,406
614,"","",0,5596,45932,592,407
615,"","",0,5599,45990,593,408
616,"","",0,5603,46047,594,409
617,"","",0,5605,46104,595,410
618,"","",0,5608,46162,596,411
619,"","",0,5627,46219,597,412
620,"","",0,5631,46276,598,413
621,"","",0,5633,46334,599,414
622,"","",0,5636,46391,600,415
623,"","",0,5639,46448,601,416
624,"","",0,5659,46506,602,417
625,"","",0,5661,46563,603,418
626,"","",0,5664,46620,604,419
627,"","",0,5667,46678,605,420
628,"","",0,5670,46735,606,421
629,"","",0,5673,46792,607,422
630,"","",0,5692,46850,608,423
631,"","",0,5695,46907,609,424
632,"","",0,5698,46964,610,425
633,"","",0,5701,47021,611,426
634,"","",0,5704,47079,612,427
635,"","",0,5707,47136,613,428
636,"","",0,5726,47193,614,429
637,"","",0,5729,47251,615,430
638,"","",0,5732,47308,616,431
639,"","",0,5735,47365,617,432
640,"","",0,5738,47423,618,433
641,"","",0,5741,47480,619,434
642,"","",0,5760,47537,620,435
643,"","",0,5763,47595,621,436
644,"","",0,5766,47652,622,437
645,"","",0,5769,47709,623,438
646,"","",0,5772,47767,624,439
647,"","",0,5775,47824,625,440
648,"","",0,5794,47881,626,441
649,"","",0,5797,47939,627,442
650,"","",0,5800,47996,628,443
651,"","",0,5803,48053,629,444
652,"","",0,5806,48111,630,445
653,"","",0,5825,48168,631,446
654,"","",0,5828,48225,632,447
655,"","",0,5831,48282,633,448
656,"","",0,5834,48340,634,449
657,"","",0,5837,48397,635,450
658,"","",0,5839,48454,636,451
659,"","",0,5859,48512,637,452
660,"","",0,5862,48569,638,453
661,"","",0,5865,48626,639,454
662,"","",0,5867,48684,640,455
663,"","",0,5870,48741,641,456
664,"","",0,5874,48798,642,457
665,"","",0,5893,48856,643,458
666,"","",0,5895,48913,644,459
667,"","",0,5898,48970,645,460
668,"","",0,5902,49028,646,461
669,"","",0,5904,49085,647,462
670,"","",0,5907,49142,648,463
671,"","",0,5926,49200,649,464
672,"","",0,5930,49257,650,465
673,"","",0,5932,49314,651,466
674,"","",0,5935,49372,652,467
675,"","",0,5938,49429,653,468
676,"","",0,5941,49486,654,469
677,"","",0,5960,49544,655,470
678,"","",0,5963,49601,656,471
679,"","",0,5966,49658,657,472
680,"","",0,5969,49715,658,473
681,"","",0,5972,49773,659,474
682,"","",0,5975,49830,660,475
683,"","",0,5994,49887,661,476
684,"","",0,5997,49945,662,477
685,"","",0,6000,50002,663,478
686,"","",0,6003,50059,664,479
687,"","",0,6006,50117,665,480
688,"","",0,6025,50174,666,481
689,"","",0,6028,50231,667,482
690,"","",0,6031,50289,668,483
691,"","",0,6034,50346,669,484
692,"","",0,6037,50403,670,485
693,"","",0,6040,50461,671,486
694,"","",0,6059,50518,672,487
695,"","",0,6062,50575,673,488
696,"","",0,6065,50633,674,489
697,"","",0,6068,50690,675,490
698,"","",0,6071,50747,676,491
699,"","",0,6074,50805,677,492
700,"","",0,6093,50862,678,493
701,"","",0,6096,50919,679,494
702,"","",0,6099,50976,680,495
703,"","",0,6102,51034,681,496
704,"","",0,6105,51091,682,497
705,"","",0,6108,51148,683,498
706,"","",0,6127,51206,684,499
707,"","",0,6130,51263,685,500
708,"","",0,6133,51320,686,501
709,"","",0,6136,51378,687,502
710,"","",0,6139,51435,688,503
711,"","",0,6141,51492,689,504
712,"","",0,6161,51550,690,505
713,"","",0,6164,51607,691,506
714,"","",0,6166,51664,692,507
715,"","",0,6169,51722,693,508
716,"","",0,6173,51779,694,509
717,"","",0,6192,51836,695,510
718,"","",0,6194,51894,696,511
719,"","",0,6197,51951,697,512
720,"","",0,6201,52008,698,513
721,"","",0,6204,52066,699,514
722,"","",0,6206,52123,700,515
723,"","",0,6225,52180,701,516
724,"","",0,6228,52237,702,517
725,"","",0,6231,52295,703,518
726,"","",0,6234,52352,704,519
727,"","",0,6237,52409,705,520
728,"","",0,6240,52467,706,521
729,"","",0,6259,52524,707,522
730,"","",0,6262,52581,708,523
731,"","",0,6265,52639,709,524
732,"","",0,6268,52696,710,525
733,"","",0,6271,52753,711,526
734,"","",0,6274,52811,712,527
735,"","",0,6293,52868,713,528
736,"","",0,6296,52925,714,529
737,"","",0,6299,52983,715,530
738,"","",0,6302,53040,716,531
739,"","",0,6305,53097,717,532
740,"","",0,6308,53155,718,533
741,"","",0,6327,53212,719,534
742,"","",0,6330,53269,720,535
743,"","",0,6333,53327,721,536
744,"","",0,6336,53384,722,537
745,"","",0,6339,53441,723,538
746,"","",0,6358,53498,724,539
747,"","",0,6361,53556,725,540
748,"","",0,6364,53613,726,541
749,"","",0,6367,53670,727,542
750,"","",0,6370,53728,728,543
751,"","",0,6373,53785,729,544
752,"","",0,6392,53842,730,545
753,"","",0,6395,53900,731,546
754,"","",0,6398,53957,732,547
755,"","",0,6401,54014,733,548
756,"","",0,6404,54072,734,549
757,"","",0,6407,54129,735,550
758,"","",0,6426,54186,736,551
759,"","",0,6428,54244,737,552
760,"","",0,6432,54301,738,553
761,"","",0,6435,54358,739,554
762,"","",0,6438,54416,740,555
763,"","",0,6440,54473,741,556
764,"","",0,6460,54530,742,557
765,"","",0,6463,54588,743,558
766,"","",0,6465,54645,744,559
767,"","",0,6468,54702,745,560
768,"","",0,6472,54759,746,561
769,"","",0,6475,54817,747,562
770,"","",0,6493,54874,748,563
771,"","",0,6496,54931,749,564
772,"","",0,6499,54989,750,565
773,"","",0,6503,55046,751,566
774,"","",0,6505,55103,752,567
775,"","",0,6508,55161,753,568
776,"","",0,6527,55218,754,569
777,"","",0,6531,55275,755,570
778,"","",0,6533,55333,756,571
779,"","",0,6536,55390,757,572
780,"","",0,6539,55447,758,573
781,"","",0,6558,55505,759,574
782,"","",0,6561,55562,760,575
783,"","",0,6564,55619,761,576
784,"","",0,6567,55677,762,577
785,"","",0,6570,55734,763,578
786,"","",0,6573,55791,764,579
787,"","",0,6592,55849,765,580
788,"","",0,6595,55906,766,581
789,"","",0,6598,55963,767,582
790,"","",0,6601,56020,768,583
791,"","",0,6604,56078,769,584
792,"","",0,6607,56135,770,585
793,"","",0,6626,56192,771,586
794,"","",0,6629,56250,772,587
795,"","",0,6632,56307,773,588
796,"","",0,6635,56364,774,589
797,"","",0,6638,56422,775,590
798,"","",0,6641,56479,776,591
799,"","",0,6660,56536,777,592
800,"","",0,6663,56594,778,593
801,"","",0,6666,56651,779,594
802,"","",0,6669,56708,780,595
803,"","",0,6672,56766,781,596
804,"","",0,6675,56823,782,597
805,"","",0,6694,56880,783,598
806,"","",0,6697,56938,784,599
807,"","",0,6699,56995,785,600
808,"","",0,6703,57052,786,601
809,"","",0,6706,57110,787,602
810,"","",0,6725,57167,788,603
811,"","",0,6727,57224,789,604
812,"","",0,6731,57281,790,605
813,"","",0,6734,57339,791,606
814,"","",0,6737,57396,792,607
815,"","",0,6739,57453,793,608
816,"","",0,6759,57511,794,609
817,"","",0,6762,57568,795,610
818,"","",0,6765,57625,796,611
819,"","",0,6767,57683,797,612
820,"","",0,6770,57740,798,613
821,"","",0,6774,57797,799,614
822,"","",0,6792,57855,800,615
823,"","",0,6795,57912,801,616
824,"","",0,6798,57969,802,617
825,"","",0,6802,58027,803,618
826,"","",0,6804,58084,804,619
827,"","",0,6807,58141,805,620
828,"","",0,6826,58199,806,621
829,"","",0,6830,58256,807,622
830,"","",0,6832,58313,808,623
831,"","",0,6835,58371,809,624
832,"","",0,6838,58428,810,625
833,"","",0,6841,58485,811,626
834,"","",0,6860,58542,812,627
835,"","",0,6863,58600,813,628
836,"","",0,6866,58657,814,629
837,"","",0,6869,58714,815,630
838,"","",0,6872,58772,816,631
839,"","",0,6875,58829,817,632
840,"","",0,6894,58886,818,633
841,"","",0,6897,58944,819,634
842,"","",0,6900,59001,820,635
843,"","",0,6903,59058,821,636
844,"","",0,6906,59116,822,637
845,"","",0,6925,59173,823,638
846,"","",0,6928,59230,824,639
847,"","",0,6931,59288,825,640
848,"","",0,6934,59345,826,641
849,"","",0,6937,59402,827,642
850,"","",0,6940,59460,828,643
851,"","",0,6959,59517,829,644
852,"","",0,6962,59574,830,645
853,"","",0,6965,59632,831,646
854,"","",0,6968,59689,832,647
855,"","",0,6971,59746,833,648
856,"","",0,6974,59803,834,649
857,"","",0,6993,59861,835,650
858,"","",0,6996,59918,836,651
859,"","",0,6999,59975,837,652
860,"","",0,7002,60033,838,653
861,"","",0,7005,60090,839,654
862,"","",0,7008,60147,840,655
863,"","",0,7026,60205,841,656
864,"","",0,7030,60262,842,657
865,"","",0,7033,60319,843,658
866,"","",0,7036,60377,844,659
867,"","",0,7038,60434,845,660
868,"","",0,7041,60491,846,661
869,"","",0,7061,60549,847,662
870,"","",0,7064,60606,848,663
871,"","",0,7066,60663,849,664
872,"","",0,7069,60721,850,665
873,"","",0,7073,60778,851,666
874,"","",0,7092,60835,852,667
875,"","",0,7094,60893,853,668
876,"","",0,7097,60950,854,669
877,"","",0,7101,61007,855,670
878,"","",0,7103,61064,856,671
879,"","",0,7106,61122,857,672
880,"","",0,7125,61179,858,673
881,"","",0,7128,61236,859,674
882,"","",0,7131,61294,860,675
883,"","",0,7134,61351,861,676
884,"","",0,7137,61408,862,677
885,"","",0,7140,61466,863,678
886,"","",0,7159,61523,864,679
887,"","",0,7162,61580,865,680
888,"","",0,7165,61638,866,681
889,"","",0,7168,61695,867,682
890,"","",0,7171,61752,868,683
891,"","",0,7174,61810,869,684
892,"","",0,7193,61867,870,685
893,"","",0,7196,61924,871,686
894,"","",0,7199,61982,872,687
895,"","",0,7202,62039,873,688
896,"","",0,7205,62096,874,689
897,"","",0,7208,62154,875,690
898,"","",0,7227,62211,876,691
899,"","",0,7230,62268,877,692
900,"","",0,7233,62325,878,693
901,"","",0,7236,62383,879,694
902,"","",0,7239,62440,880,695
903,"","",0,7258,62497,881,696
904,"","",0,7261,62555,882,697
905,"","",0,7264,62612,883,698
906,"","",0,7267,62669,884,699
907,"","",0,7270,62727,885,700
908,"","",0,7273,62784,886,701
909,"","",0,7292,62841,887,702
910,"","",0,7295,62899,888,703
911,"","",0,7298,62956,889,704
912,"","",0,7301,63013,890,705
913,"","",0,7304,63071,891,706
914,"","",0,7307,63128,892,707
915,"","",0,7326,63185,893,708
916,"","",0,7328,63243,894,709
917,"","",0,7332,63300,895,710
918,"","",0,7335,63357,896,711
919,"","",0,7337,63415,897,712
920,"","",0,7340,63472,898,713
921,"","",0,7360,63529,899,714
922,"","",0,7363,63586,900,715
923,"","",0,7365,63644,901,716
924,"","",0,7368,63701,902,717
925,"","",0,7372,63758,903,718
926,"","",0,7375,63816,904,719
927,"","",0,7393,63873,905,720
928,"","",0,7396,63930,906,721
929,"","",0,7399,63988,907,722
930,"","",0,7403,64045,908,723
931,"","",0,7405,64102,909,724
932,"","",0,7408,64160,910,725
933,"","",0,7427,64217,911,726
934,"","",0,7430,64274,912,727
935,"","",0,7433,64332,913,728
936,"","",0,7436,64389,914,729
937,"","",0,7439,64446,915,730
938,"","",0,7458,64504,916,731
939,"","",0,7461,64561,917,732
940,"","",0,7464,64618,918,733
941,"","",0,7467,64676,919,734
942,"","",0,7470,64733,920,735
943,"","",0,7473,64790,921,736
944,"","",0,7492,64847,922,737
945,"","",0,7495,64905,923,738
946,"","",0,7498,64962,924,739
947,"","",0,7501,65019,925,740
948,"","",0,7504,65077,926,741
949,"","",0,7507,65134,927,742
950,"","",0,7526,65191,928,743
951,"","",0,7529,65249,929,744
952,"","",0,7532,65306,930,745
953,"","",0,7535,65363,931,746
954,"","",0,7538,65421,932,747
955,"","",0,7541,65478,933,748
956,"","",0,7560,65535,934,749
957,"","",0,7563,65593,935,750
958,"","",0,7566,65650,936,751
959,"","",0,7569,65707,937,752
960,"","",0,7572,65765,938,753
961,"","",0,7575,65822,939,754
962,"","",0,7594,65879,940,755
963,"","",0,7597,65937,941,756
964,"","",0,7599,65994,942,757
965,"","",0,7603,66051,943,758
966,"","",0,7606,66108,944,759
967,"","",0,7625,66166,945,760
968,"","",0,7627,66223,946,761
969,"","",0,7631,66280,947,762
970,"","",0,7634,66338,948,763
971,"","",0,7637,66395,949,764
972,"","",0,7639,66452,950,765
973,"","",0,7659,66510,951,766
974,"","",0,7662,66567,952,767
975,"","",0,7664,66624,953,768
976,"","",0,7667,66682,954,769
977,"","",0,7670,66739,955,770
978,"","",0,7674,66796,956,771
979,"","",0,7692,66854,957,772
980,"","",0,7695,66911,958,773
981,"","",0,7698,66968,959,774
982,"","",0,7702,67026,960,775
983,"","",0,7704,67083,961,776
984,"","",0,7707,67140,962,777
985,"","",0,7726,67198,963,778
986,"","",0,7729,67255,964,779
987,"","",0,7732,67312,965,780
988,"","",0,7735,67369,966,781
989,"","",0,7738,67427,967,782
990,"","",0,7741,67484,968,783
991,"","",0,7760,67541,969,784
992,"","",0,7763,67599,970,785
993,"","",0,7766,67656,971,786
994,"","",0,7769,67713,972,787
995,"","",0,7772,67771,973,788
996,"","",0,7775,67828,974,789
997,"","",0,7794,67885,975,790
998,"","",0,7797,67943,976,791
999,"","",0,7800,68000,977,792